new_label,cert_fp,comment
TrickBot_TLS,55:f2:dd:78:9c:1b:e7:bc:b4:cd:4a:e7:d7:2a:db:e1:f3:6d:50:e2,https://www.malware-traffic-analysis.net/2018/07/05/index2.html
TrickBot_TLS,47:6c:dd:3c:4d:f3:47:26:26:ae:76:b8:de:1c:be:59:56:ce:69:7b,https://www.malware-traffic-analysis.net/2019/05/01/index2.html
TrickBot_TLS,f7:0f:36:a1:58:67:a5:24:4a:00:92:5d:ae:7c:61:47:de:2e:c5:a5,https://www.virustotal.com/gui/ip-address/185.62.188.10/community
TrickBot_TLS,d9:e9:27:23:9c:6b:f5:06:52:40:22:63:8e:00:f6:86:b2:19:a8:dc,https://www.malware-traffic-analysis.net/2018/04/30/index.html
TrickBot_TLS,93:82:53:16:dc:6d:f1:5a:be:49:eb:33:92:d3:64:f4:a8:dd:55:6f,https://isc.sans.edu/forums/diary/Malspam+with+passwordprotected+word+docs+still+pushing+IcedID+Bokbot+with+Trickbot/24708/
TrickBot_TLS,c9:b1:46:51:c5:c7:42:78:02:c9:81:65:ab:ea:05:00:be:90:4e:6f,https://www.virustotal.com/gui/ip-address/51.68.170.58/relations
TrickBot_TLS,86:69:65:6d:a2:a4:65:e2:c7:00:8a:40:70:a4:3b:39:6b:5b:81:fb,https://www.virustotal.com/gui/ip-address/5.255.96.153/community https://pastebin.com/5QBpgmUw
TrickBot_TLS,fa:19:63:39:fb:01:c7:cd:48:d2:72:19:3f:89:7f:cb:7f:97:9c:7a,https://www.virustotal.com/gui/ip-address/185.198.57.75/relations
TrickBot_TLS,fc:07:98:cb:67:58:c2:d1:0c:dd:6b:6b:f1:9e:12:c7:93:33:1c:b0,https://www.malware-traffic-analysis.net/2019/11/25/index.html
TrickBot_TLS,60:be:f5:75:4a:22:aa:c3:68:44:cc:5c:0f:9c:fa:6c:ec:33:6b:9d,https://www.malware-traffic-analysis.net/2018/03/28/index.html https://www.virustotal.com/gui/ip-address/78.155.199.225/relations
TrickBot_TLS,fd:3f:6b:1d:13:03:7a:68:c3:da:73:ea:c3:3b:32:35:b2:8a:0d:17,https://www.virustotal.com/gui/file/596f1f576e1eeb4b24ecac0e5d5502d99924890c333462e371cabcba8ec7f4f0/relations
TrickBot_TLS,b9:bb:88:11:da:eb:c4:84:05:c0:b7:65:83:f1:60:1d:90:d8:a7:2f,https://www.malware-traffic-analysis.net/2019/02/15/index.html https://www.virustotal.com/gui/file/7ca05eb979acd3f751cca4a62c11d1266fb12581d9c0f6a33023fc999116d7ba/relations
TrickBot_TLS,08:39:02:be:86:ff:fb:91:a0:93:5a:f2:e6:41:13:ec:42:c2:da:78,https://www.malware-traffic-analysis.net/2019/12/20/index.html
TrickBot_TLS,2f:b6:dd:f4:8e:fb:0d:6c:5c:48:ab:0d:72:76:a3:86:9e:94:cc:4a,https://www.malware-traffic-analysis.net/2019/03/13/index.html
TrickBot_TLS,62:21:a0:88:57:6f:4e:0f:9c:52:6b:aa:d1:75:de:82:b5:a4:69:17,https://www.virustotal.com/gui/ip-address/185.62.188.117/relations
TrickBot_TLS,f4:fc:25:11:e0:7c:2f:3b:53:4d:c4:ae:2a:ab:d3:39:86:f6:2c:16,https://isc.sans.edu/forums/diary/Trickbot+gtag+red5+distributed+as+a+DLL+file/25918/
TrickBot_TLS,85:c0:8c:e9:6d:7b:61:3f:29:6c:a2:1d:71:f7:16:65:7f:49:91:8c,https://sslbl.abuse.ch/ssl-certificates/sha1/85c08ce96d7b613f296ca21d71f716657f49918c
TrickBot_TLS,6e:bf:47:bc:c1:cf:53:6d:c7:f9:be:3f:3e:b4:c4:d2:22:e3:6a:11,https://sslbl.abuse.ch/ssl-certificates/sha1/6ebf47bcc1cf536dc7f9be3f3eb4c4d222e36a11
TrickBot_TLS,ac:f4:e7:12:0a:63:2a:66:d0:0e:25:af:db:37:93:2e:6c:87:32:12,https://sslbl.abuse.ch/ssl-certificates/sha1/acf4e7120a632a66d00e25afdb37932e6c873212
TrickBot_TLS,18:4e:42:ea:f3:93:2b:37:3a:d9:d6:eb:a1:9f:41:81:c9:ec:f4:9e,https://sslbl.abuse.ch/ssl-certificates/sha1/184e42eaf3932b373ad9d6eba19f4181c9ecf49e
TrickBot_TLS,51:60:f5:4f:e2:52:d8:92:1f:60:ac:42:d4:15:e5:27:f6:ea:8a:56,https://sslbl.abuse.ch/ssl-certificates/sha1/5160f54fe252d8921f60ac42d415e527f6ea8a56
TrickBot_TLS,f9:06:d3:35:cf:7f:f7:a1:98:8f:0f:5c:dd:13:7e:72:57:52:fa:1c,https://sslbl.abuse.ch/ssl-certificates/sha1/f906d335cf7ff7a1988f0f5cdd137e725752fa1c
TrickBot_TLS,f9:ba:09:3a:8d:cb:42:82:63:d5:f3:bd:2e:72:9e:e1:de:2f:da:67,https://sslbl.abuse.ch/ssl-certificates/sha1/f9ba093a8dcb428263d5f3bd2e729ee1de2fda67
TrickBot_TLS,cb:cc:68:83:9a:b9:58:3a:d9:43:c9:6d:1b:09:6b:47:4f:3a:23:61,https://sslbl.abuse.ch/ssl-certificates/sha1/cbcc68839ab9583ad943c96d1b096b474f3a2361
IcedID_TLS,be:e5:ef:26:55:a8:c3:0c:6e:d9:d7:ea:9d:0e:f6:5e:ec:95:93:47,https://www.malware-traffic-analysis.net/2020/06/09/index.html
IcedID_TLS,45:5b:4c:1e:a4:fb:15:df:3e:56:ba:4d:5d:9e:a4:d9:d8:e5:2a:bf,https://www.malware-traffic-analysis.net/2020/09/10/index.html
IcedID_TLS,46:4a:78:7c:b8:b0:7f:07:87:4f:2d:3b:85:30:07:f8:07:9e:e0:cc,https://www.malware-traffic-analysis.net/2020/10/16/index.html
IcedID_TLS,6e:d8:14:c9:01:9e:21:5b:df:25:d1:be:62:c2:b8:26:67:5d:24:e3,https://www.malware-traffic-analysis.net/2020/03/03/index2.html
IcedID_TLS,05:69:52:40:60:fb:c5:8d:95:c7:b2:8c:d5:7d:7f:fd:64:42:67:d5,https://www.malware-traffic-analysis.net/2020/05/27/index2.html
IcedID_TLS,10:ae:ee:85:30:f8:f7:9c:d1:b8:03:e7:60:ea:00:92:18:74:cb:b3,https://www.malware-traffic-analysis.net/2020/03/20/index.html
IcedID_TLS,a9:91:db:27:1c:e4:07:fe:03:ff:7a:f0:1c:6f:1f:50:25:39:0c:d4,https://www.malware-traffic-analysis.net/2018/06/20/index.html
IcedID_TLS,2c:ac:94:80:12:36:f5:c7:c1:fb:12:bd:3a:2a:2f:52:f8:40:59:01,https://www.virustotal.com/gui/ip-address/81.16.141.25/relations
Dridex_TLS,06:4e:8d:d4:a1:67:cb:38:ed:a4:90:57:c9:ec:4c:9e:8c:df:31:43,https://www.malware-traffic-analysis.net/2018/07/05/index.html
Dridex_TLS,76:d5:66:23:54:a9:44:63:30:6f:4a:14:1d:5a:83:aa:db:a6:b1:f9,https://www.virustotal.com/gui/file/1f0324bdf47d0be7a8c20f55628bf2c20abcf07af58c9407acf8f6f378409f76/relations
Dridex_TLS,d2:b6:83:86:80:6a:20:ed:0f:76:a7:98:d6:1a:eb:a5:4c:8b:b0:92,https://www.malware-traffic-analysis.net/2019/07/12/index.html
Dridex_TLS,98:f4:f5:7d:0f:4c:37:fa:03:f3:a6:d0:0d:5b:f3:c1:b5:92:cd:87,https://isc.sans.edu/forums/diary/Ursnif+infection+with+Dridex/25566/
Dridex_TLS,ea:a3:d6:b4:94:60:f2:65:77:7a:ee:b7:f7:2a:4a:60:94:4a:8f:6b,https://www.malware-traffic-analysis.net/2018/07/05/index.html
Dridex_TLS,f5:75:b2:ac:b9:69:f3:46:bb:2a:94:71:5e:98:86:0e:d5:9d:a9:16,https://www.malware-traffic-analysis.net/2019/07/12/index.html
Dridex_TLS,04:94:80:61:eb:a3:c5:2c:a8:88:c5:20:f1:12:a8:7a:54:50:fa:fd,https://www.malware-traffic-analysis.net/2019/07/12/index.html
Dridex_TLS,cb:78:34:ce:7b:1d:6e:b7:79:0b:f4:9c:d3:1e:af:3e:cd:83:80:d5,https://www.malware-traffic-analysis.net/2018/07/05/index.html

Zeus_Panda_Banker,08:9b:bb:0f:e3:82:1b:25:f0:23:29:26:34:47:2b:3a:87:32:7b:33,https://www.malware-traffic-analysis.net/2017/12/27/index.html
Zeus_Panda_Banker,6b:c7:9a:da:43:59:6a:71:95:9c:a0:44:7b:b3:15:81:3d:23:82:8f,https://www.malware-traffic-analysis.net/2017/12/27/index.html
Zeus_Panda_Banker,65:b5:f3:ef:3e:aa:6d:9d:df:92:1b:92:31:09:00:30:8a:f8:2f:33,https://isc2.sans.org/forums/diary/Recent+Emotet+activity/23908/
Zeus_Panda_Banker,41:7f:35:3b:54:43:42:7e:c8:e4:b6:a2:e2:c6:c7:c2:42:cd:9d:98,https://www.malware-traffic-analysis.net/2017/12/11/index.html
Zeus_Panda_Banker,2b:a9:4a:8f:43:2d:32:25:9b:f7:d4:1e:ab:75:b8:99:fb:12:3c:25,https://www.malware-traffic-analysis.net/2017/06/01/index.html
Zeus_Panda_Banker,77:2d:51:da:45:96:2e:63:4a:56:dc:c1:b0:8d:af:d5:a4:fd:a2:0f,https://www.malware-traffic-analysis.net/2018/07/03/index2.html
Zeus_Panda_Banker,85:fb:a2:b5:31:08:7c:a3:10:3f:a8:11:69:54:7e:50:d5:5f:10:60,https://www.malware-traffic-analysis.net/2018/04/19/index.html
Zeus_Panda_Banker,65:44:10:0c:b6:ec:46:74:71:81:d2:d6:39:85:70:26:a4:d3:c2:95,https://www.malware-traffic-analysis.net/2017/12/21/index2.html
Zeus_Panda_Banker,17:89:3b:f5:2d:fb:b8:fb:1b:51:52:f2:e5:31:e4:0b:61:87:a2:ef,https://www.malware-traffic-analysis.net/2018/01/10/index.html
Zeus_Panda_Banker,bd:46:0e:78:a9:ba:28:81:03:37:df:00:ec:49:19:f7:e9:8a:4d:76,https://www.malware-traffic-analysis.net/2018/03/13/index.html
Zeus_Panda_Banker,25:52:34:07:ba:af:48:be:7e:23:f5:4d:18:0a:e7:75:e9:e7:a1:29,https://isc2.sans.org/forums/diary/Recent+Emotet+activity/23908/
Zeus_Panda_Banker,b3:d4:d5:c7:fd:19:d3:22:b8:0e:92:c3:83:c6:4d:92:7b:bc:fa:94,https://www.malware-traffic-analysis.net/2018/09/05/index3.html
Zeus_Panda_Banker,ca:54:2e:2b:92:84:8b:d4:b1:a3:a2:6b:a5:d3:9c:76:9e:7b:8d:00,https://www.malware-traffic-analysis.net/2018/02/28/index.html
Zeus_Panda_Banker,14:97:9e:f7:e9:7d:23:42:9c:17:42:20:5b:5a:4d:01:90:0d:ec:78,https://www.malware-traffic-analysis.net/2017/04/19/index.html
Zeus_Panda_Banker,8b:0b:a9:54:66:fe:31:2c:9a:58:6d:d3:80:d2:23:b9:ab:e0:68:eb,https://www.malware-traffic-analysis.net/2018/09/03/index2.html
Zeus_Panda_Banker,6e:b4:87:a8:ca:a6:2d:0c:4a:7b:71:cf:b9:0b:f5:bf:d4:fd:51:ca,https://www.malware-traffic-analysis.net/2018/01/29/index2.html
Zeus_Panda_Banker,74:0a:95:e0:da:14:a4:2d:25:6d:58:cd:c1:5c:b1:97:a6:1a:fd:4e,https://www.malware-traffic-analysis.net/2018/04/04/index.html
Zeus_Panda_Banker,33:2e:46:b1:86:1d:7f:53:4b:e7:c4:a8:0a:c3:ca:b3:18:b9:79:3c,https://www.malware-traffic-analysis.net/2018/07/19/index.html
Zeus_Panda_Banker,f3:d9:e7:38:73:5a:ce:0b:9d:79:e4:57:4b:43:1c:83:e4:a9:52:91,https://www.malware-traffic-analysis.net/2018/08/10/index.html
Zeus_Panda_Banker,b1:47:fa:13:ec:c9:f0:c4:09:ff:7b:bf:3f:92:a6:d0:d6:06:21:94,https://www.malware-traffic-analysis.net/2017/11/08/index.html
Zeus_Panda_Banker,ae:f3:09:50:c0:c2:1f:f0:04:5a:a0:3d:ce:e2:c6:50:75:5f:8f:2e,https://www.malware-traffic-analysis.net/2017/12/27/index.html
Zeus_Panda_Banker,b0:d0:70:c8:e7:8b:51:aa:89:a4:e5:85:a9:62:c6:12:8e:ea:31:a5,https://www.malware-traffic-analysis.net/2018/05/01/index.html
Zeus_Panda_Banker,3b:98:7b:ee:50:99:bc:26:b2:b0:a1:5c:34:91:61:c5:04:eb:48:99,https://www.malware-traffic-analysis.net/2017/12/21/index2.html
Zeus_Panda_Banker,35:fd:af:36:e4:df:93:87:e4:07:d5:22:73:7c:f8:6b:e7:02:4a:b0,https://www.malware-traffic-analysis.net/2018/07/03/index.html
Zeus_Panda_Banker,af:07:a0:93:d4:f2:bf:7e:67:ae:ca:b7:c6:27:3c:7f:08:49:0d:be,https://www.malware-traffic-analysis.net/2018/08/16/index.html
Zeus_Panda_Banker,68:ef:58:5c:42:47:00:09:7c:dd:fa:0d:37:ba:96:81:90:ca:17:9c,https://www.malware-traffic-analysis.net/2018/08/23/index.html
maybe_Zeus_Panda_Banker,21:d4:91:5f:e0:78:8f:11:02:cc:f4:93:4c:8c:58:8b:9e:28:1c:f7,https://www.malware-traffic-analysis.net/2017/12/05/index2.html
Zeus_Panda_Banker,d4:ca:a5:76:2b:3c:81:7d:c1:37:43:02:fb:dc:f4:00:73:5c:38:0d,https://www.malware-traffic-analysis.net/2018/07/19/index.html
Gozi_ursnif,94:a7:b2:59:42:5f:04:b4:7e:ed:0e:61:c0:ac:f5:d4:4e:02:86:2c,https://www.malware-traffic-analysis.net/2018/11/08/index.html
Gozi_ursnif,fd:7d:1a:9c:38:8a:55:d6:8f:3b:71:d9:40:5a:f2:38:8c:d4:70:99,https://www.malware-traffic-analysis.net/2020/01/24/index.html
Gozi_ursnif,c9:7a:e1:12:5d:45:b5:59:1d:04:36:5c:60:c8:e0:95:c0:0b:53:29,https://www.malware-traffic-analysis.net/2019/12/11/index.html
Gozi_ursnif,72:2b:64:82:87:8d:9c:6e:c8:3f:74:e2:3a:98:c6:90:76:8f:5d:c4,https://www.malware-traffic-analysis.net/2019/12/19/index.html
Gozi_ursnif,f0:12:58:c6:9d:a2:b1:b6:e2:7d:d1:26:b4:48:fe:48:27:01:28:5a,https://www.malware-traffic-analysis.net/2020/02/24/index.html
Gozi_ursnif,5b:14:93:e9:8f:c8:e7:7a:2e:a9:69:34:b3:da:83:b3:21:83:b1:9c,https://www.malware-traffic-analysis.net/2019/07/08/index.html;https://www.malware-traffic-analysis.net/2019/07/05/index.html
Gozi_ursnif,9f:8f:0b:f3:be:a0:7e:83:78:93:c7:57:c6:42:d5:86:de:a3:97:4e,https://www.malware-traffic-analysis.net/2019/10/09/index.html
Gozi_ursnif,a3:e5:d2:11:2c:01:fb:ad:a0:c9:7b:1f:29:81:b9:2c:bf:7e:dd:15,https://www.malware-traffic-analysis.net/2019/10/25/index2.html
Gozi_ursnif,65:44:15:eb:99:07:6d:e5:c4:21:30:60:23:b0:08:98:2f:8a:32:b5,https://www.malware-traffic-analysis.net/2018/12/10/index4.html
Gozi_ursnif,da:dd:8e:b0:26:e7:a0:65:a1:78:91:7c:2e:a3:76:d9:9b:a5:f7:d1,https://www.malware-traffic-analysis.net/2020/06/10/index.html
Gozi_ursnif,2e:7b:81:b2:9c:01:da:68:02:19:aa:f8:a3:4f:35:00:6f:1c:43:7c,https://www.malware-traffic-analysis.net/2019/08/27/index.html;https://www.malware-traffic-analysis.net/2019/08/31/index.html

TrickBot_TLS,f2:01:09:90:20:38:54:b2:75:c3:87:9b:b5:0b:93:23:b0:cb:34:22,https://sslbl.abuse.ch/ssl-certificates/sha1/f2010990203854b275c3879bb50b9323b0cb3422
TrickBot_TLS,2a:8d:82:f2:67:34:35:e5:6d:ca:8d:9e:a1:3c:f4:e1:c4:06:65:d9,https://sslbl.abuse.ch/ssl-certificates/sha1/2a8d82f2673435e56dca8d9ea13cf4e1c40665d9
TrickBot_TLS,bf:97:1d:0c:37:12:24:d7:c4:d8:ac:d2:fc:2a:92:d1:5a:5d:02:ad,https://sslbl.abuse.ch/ssl-certificates/sha1/bf971d0c371224d7c4d8acd2fc2a92d15a5d02ad
TrickBot_TLS,68:fc:89:c3:28:58:c8:bc:ee:14:db:3f:9b:74:06:f7:c7:34:0a:2c,https://sslbl.abuse.ch/ssl-certificates/sha1/68fc89c32858c8bcee14db3f9b7406f7c7340a2c
TrickBot_TLS,c8:ce:9e:42:ea:f3:a6:60:52:32:1d:b7:eb:3a:e7:9b:96:cf:9d:84,https://www.malware-traffic-analysis.net/2018/07/09/index3.html;https://sslbl.abuse.ch/ssl-certificates/sha1/c8ce9e42eaf3a66052321db7eb3ae79b96cf9d84
TrickBot_TLS,95:01:3d:11:7e:fb:dc:09:4b:b7:d8:52:4d:bf:5b:d2:4a:87:0f:57,https://www.malware-traffic-analysis.net/2018/06/26/index2.html
TrickBot_TLS,fb:f0:f8:46:63:a2:3d:f8:f5:99:36:00:c5:40:3f:47:3f:3c:61:3f,https://sslbl.abuse.ch/ssl-certificates/sha1/fbf0f84663a23df8f5993600c5403f473f3c613f
TrickBot_TLS,45:50:bf:88:24:fe:86:dc:40:d5:27:37:e2:f9:35:7d:ea:bb:e0:7f,https://sslbl.abuse.ch/ssl-certificates/sha1/4550bf8824fe86dc40d52737e2f9357deabbe07f;https://www.malware-traffic-analysis.net/2020/05/08/index.html
TrickBot_TLS,09:f9:f0:26:47:b3:ca:fb:0d:7f:25:a0:b7:9d:2a:6f:95:3e:bc:85,https://sslbl.abuse.ch/ssl-certificates/sha1/09f9f02647b3cafb0d7f25a0b79d2a6f953ebc85;https://www.malware-traffic-analysis.net/2020/02/26/index.html
TrickBot_TLS,bb:8c:c4:d4:32:49:bd:0a:e5:46:b3:a3:1f:be:3b:b2:fd:65:6e:68,https://www.malware-traffic-analysis.net/2018/10/04/index.html;https://sslbl.abuse.ch/ssl-certificates/sha1/bb8cc4d43249bd0ae546b3a31fbe3bb2fd656e68
TrickBot_TLS,8b:1e:b8:03:b9:d6:51:99:59:1a:1b:92:4b:fa:5d:e5:0b:77:e2:b3,https://sslbl.abuse.ch/ssl-certificates/sha1/8b1eb803b9d65199591a1b924bfa5de50b77e2b3

TrickBot_TLS,dd:eb:4a:36:6a:2b:50:da:5f:b5:db:07:55:9a:92:b0:a3:52:5c:ad,https://isc.sans.edu/diary//25594
Emotet_TrickBot,6e:fc:df:17:8a:71:b0:93:d4:a8:8c:50:1e:eb:13:06:f2:4f:2f:90,https://sslbl.abuse.ch/ssl-certificates/sha1/6efcdf178a71b093d4a88c501eeb1306f24f2f90
TrickBot_TLS,0b:92:69:6e:6e:9e:54:22:8b:fa:61:d3:be:be:5b:0e:d6:b6:1c:80,multiple_files
TrickBot_TLS,1f:6a:46:9c:3e:a9:56:62:75:1a:fe:91:5d:0e:b5:c3:c3:60:23:f9,https://sslbl.abuse.ch/ssl-certificates/sha1/1f6a469c3ea95662751afe915d0eb5c3c36023f9
TrickBot_TLS,b8:18:2d:cb:c9:f8:1a:66:75:13:18:31:24:e0:92:35:42:ab:96:89,https://sslbl.abuse.ch/ssl-certificates/sha1/b8182dcbc9f81a667513183124e0923542ab9689
TrickBot_TLS,a3:be:ad:8a:49:64:2c:0f:40:b5:9c:2b:ce:15:72:65:f1:01:86:3c,https://sslbl.abuse.ch/ssl-certificates/sha1/a3bead8a49642c0f40b59c2bce157265f101863c
TrickBot_TLS,99:e0:c6:f8:95:70:7e:b3:2b:10:54:52:8a:a2:14:74:5d:b3:36:fa,https://sslbl.abuse.ch/ssl-certificates/sha1/99e0c6f895707eb32b1054528aa214745db336fa

Dridex_TLS,3f:60:4e:63:a7:5c:c8:6c:2d:2b:25:11:54:ee:47:cc:54:92:b2:6b,https://isc.sans.edu/forums/diary/Malspam+with+passwordprotected+Word+docs+pushing+Dridex/25042/
Gozi_ursnif,b7:5a:e6:cd:b8:17:e0:db:42:ec:e6:39:e1:c3:97:b3:9d:78:75:70,https://www.malware-traffic-analysis.net/2020/02/11/index.html
Gozi_ursnif,52:c5:3f:8d:87:65:12:38:5e:c1:2c:a3:1a:b6:08:d7:57:c3:a9:11,https://www.malware-traffic-analysis.net/2020/07/09/index2.html
Gozi_ursnif,6c:c3:50:b3:8a:61:61:76:b2:7b:20:0e:6a:a7:48:dd:6b:31:d1:4e,https://sslbl.abuse.ch/ssl-certificates/sha1/6cc350b38a616176b27b200e6aa748dd6b31d14e
Zeus_Panda_Banker,d0:36:56:ae:0b:6b:15:ac:56:4f:eb:55:a8:26:08:72:97:65:bb:ac,https://www.malware-traffic-analysis.net/2018/04/18/index.html

IcedID_TLS,5a:e3:81:be:42:17:91:f7:90:d7:9e:41:f4:a9:ce:d2:3c:5d:a0:9a,https://www.malware-traffic-analysis.net/2020/01/10/index.html;https://sslbl.abuse.ch/ssl-certificates/sha1/5ae381be421791f790d79e41f4a9ced23c5da09a
IcedID_TLS,97:29:3f:b7:fd:4d:21:a0:ef:e0:d3:7e:f2:33:4d:b5:cf:f3:a9:42,https://www.virustotal.com/gui/file/df30ccce6ec03c03e2e1ca041200267cd3b708946cc2f18577dfee7ea351272c/relations
IcedID_TLS,8c:73:98:19:63:1f:d6:7c:e7:cf:33:6e:f5:33:92:7e:e2:d3:47:1f,https://www.malware-traffic-analysis.net/2020/10/06/index.html

Dridex_TLS,99:69:10:23:54:48:9c:49:77:c9:0d:0e:e8:32:73:f2:68:53:ea:d9,https://www.malware-traffic-analysis.net/2018/01/25/index.html;https://www.virustotal.com/gui/ip-address/185.86.151.98/relations
Dridex_TLS,0c:88:b7:fa:f1:b6:d8:08:73:8d:a1:36:75:3e:16:c6:c3:4f:92:e5,https://www.malware-traffic-analysis.net/2018/01/25/index.html
Dridex_TLS,16:bd:14:00:f9:62:94:55:c7:25:cc:a3:2a:b7:2d:c8:c7:24:7d:a9,https://www.malware-traffic-analysis.net/2018/01/25/index.html;https://sslbl.abuse.ch/ssl-certificates/sha1/16bd1400f9629455c725cca32ab72dc8c7247da9
Dridex_TLS,23:5d:11:b2:b0:13:9d:6d:b2:08:69:05:65:a5:d6:9c:e7:61:58:cb,https://www.malware-traffic-analysis.net/2018/01/25/index.html
Dridex_TLS,2a:60:2f:6a:5e:6a:72:f2:3c:17:6b:d5:2b:da:b4:30:48:b4:37:31,https://www.malware-traffic-analysis.net/2018/07/05/index.html
Dridex_TLS,f4:ff:7d:86:fb:5a:6f:6e:ee:d7:be:09:d2:be:8e:c2:75:2c:a2:a6,https://www.malware-traffic-analysis.net/2020/05/11/index.html;https://www.malware-traffic-analysis.net/2020/04/30/index.html
Dridex_TLS,e9:f4:ee:17:d6:81:a9:54:44:01:32:7e:e1:dc:12:d7:f7:18:37:be,https://www.malware-traffic-analysis.net/2017/03/30/index2.html
Dridex_TLS,18:68:7d:81:a0:4d:89:58:fe:c0:77:37:90:c0:a4:d1:fa:cc:13:38,https://www.malware-traffic-analysis.net/2017/12/04/index2.html;https://www.virustotal.com/gui/ip-address/178.18.125.1/relations
Dridex_TLS,0c:dc:c2:2b:9f:48:03:1b:e9:a9:18:e3:1a:50:73:2d:3d:e9:19:f1,https://www.malware-traffic-analysis.net/2017/12/04/index2.html;https://www.virustotal.com/gui/ip-address/108.166.114.38/relations
Dridex_TLS,c0:08:40:9c:5e:8e:e3:f5:05:d9:e1:fd:33:33:85:d8:ac:88:74:ce,https://sslbl.abuse.ch/ssl-certificates/sha1/c008409c5e8ee3f505d9e1fd333385d8ac8874ce